date,full,actual,bench,vol_w
2005-03-31,0.020338,0.020338,-0.031342,1.0
2005-04-29,-0.042828,-0.042828,-0.050001,1.0
2005-05-31,0.049658,0.049658,0.042661,1.0
2005-06-30,0.031238,0.031238,0.045299,1.0
2005-07-29,0.170265,0.170265,0.047226,1.0
2005-08-31,-0.120049,-0.120049,-0.073048,1.0
2005-09-30,0.020476,0.020476,0.021007,1.0
2005-10-31,-0.069867,-0.069867,-0.076783,1.0
2005-11-30,0.104966,0.104966,0.08878,1.0
2005-12-30,0.14764,0.14764,0.09228,1.0
2006-01-25,0.050884,0.050884,-0.001836,1.0
2006-02-27,-0.105556,-0.105556,-0.029522,1.0
2006-03-31,0.109058,0.100991,0.054119,0.9298
2006-04-28,0.119261,0.106832,0.098731,0.897373
2006-05-30,-0.05069,-0.045321,-0.02802,0.893649
2006-06-30,-0.079643,-0.068827,-0.039891,0.861864
2006-07-31,0.002672,0.001939,-0.006204,0.81918
2006-08-31,-0.066085,-0.060577,0.020019,0.908725
2006-09-29,0.078157,0.075146,0.044722,0.965743
2006-10-31,0.117013,0.110629,0.022222,0.946407
2006-11-30,0.189567,0.180938,0.113434,0.954733
2006-12-29,0.028635,0.024444,0.049301,0.870789
2007-01-31,-0.06835,-0.063405,-0.022936,0.923174
2007-02-27,-0.018443,-0.016536,0.001437,0.884237
2007-03-30,0.105646,0.100666,0.067286,0.956883
2007-04-30,-0.075627,-0.072596,-0.021485,0.959699
2007-05-31,0.103358,0.099218,0.050183,0.959962
2007-06-29,0.101507,0.096336,0.090656,0.949651
2007-07-31,0.275851,0.274518,0.122535,0.996154
2007-08-31,-0.182997,-0.146769,-0.087913,0.795618
2007-09-29,0.034625,0.023269,0.044847,0.689888
2007-10-31,-0.091632,-0.063278,-0.036296,0.690526
2007-11-30,-0.190935,-0.127526,-0.145254,0.667187
2007-12-31,-0.026302,-0.017062,-0.026798,0.6434
2008-01-31,-0.083996,-0.054069,-0.168254,0.643693
2008-02-29,0.108679,0.069538,0.117629,0.640045
2008-03-31,0.069042,0.042915,0.066928,0.623013
2008-04-30,0.018389,0.01157,0.052409,0.632042
2008-05-30,-0.04773,-0.030736,-0.063554,0.642662
2008-06-30,-0.200951,-0.131498,-0.184827,0.654045
2008-07-31,-0.050255,-0.031363,-0.038781,0.620129
2008-08-29,0.004437,0.00243,0.023684,0.847656
2008-09-30,-0.227373,-0.208436,-0.240645,0.914983
2008-10-31,-0.014573,-0.012486,-0.185761,0.817709
2008-11-28,0.0,-1.1e-05,-0.11418,0.815891
2008-12-31,-0.018481,-0.016809,0.10067,0.887013
2009-01-21,-0.11071,-0.098098,-0.093427,0.886033
2009-02-27,0.07361,0.064182,0.090889,0.872963
2009-03-31,0.112442,0.102403,0.174716,0.912783
2009-04-30,0.2023,0.174606,0.171245,0.8645
2009-05-27,0.300684,0.213495,0.197827,0.712978
2009-06-30,-0.181316,-0.1037,-0.103433,0.567229
2009-07-31,0.152396,0.087732,0.147088,0.576024
2009-08-31,-0.06189,-0.034765,-0.058472,0.560236
2009-09-30,0.082981,0.045868,0.112706,0.553243
2009-10-30,-0.094585,-0.060485,-0.058172,0.634452
2009-11-30,0.148009,0.090439,0.092606,0.611925
2009-12-31,0.178157,0.106836,0.107285,0.600063
2010-01-29,-0.154906,-0.09137,-0.104527,0.589438
2010-02-26,0.049324,0.027938,-0.022493,0.568866
2010-03-31,0.110292,0.062737,0.095477,0.568829
2010-04-30,-0.006532,-0.003718,-0.005621,0.569071
2010-05-31,-0.077844,-0.046187,-0.092506,0.591632
2010-06-30,-0.031875,-0.022638,-0.003119,0.691816
2010-07-30,0.053973,0.041657,0.090643,0.781547
2010-08-31,-0.045856,-0.038524,-0.021559,0.833468
2010-09-30,0.090478,0.076094,0.094384,0.841551
2010-10-29,0.025716,0.021525,-0.005919,0.837848
2010-11-30,0.046519,0.041185,0.013741,0.892166
2010-12-31,0.067419,0.06457,0.048328,0.963981
2011-01-28,-0.028958,-0.029168,0.018014,1.0
2011-02-25,-0.006021,-0.006021,-0.059336,1.0
2011-03-31,0.024787,0.024787,-0.013569,1.0
2011-04-29,-0.03475,-0.03475,0.001836,1.0
2011-05-31,0.037559,0.037559,0.004636,1.0
2011-06-30,-0.088843,-0.088843,-0.03473,1.0
2011-07-29,0.116788,0.116788,0.012282,1.0
2011-08-31,-0.113616,-0.113616,-0.127304,1.0
2011-09-30,-0.164932,-0.164932,-0.107849,1.0
2011-10-31,0.035363,0.035363,0.053287,1.0
2011-11-30,-0.038035,-0.038035,-0.073175,1.0
2011-12-30,-0.048811,-0.048811,-0.026334,1.0
2012-01-31,0.072518,0.072518,0.119457,1.0
2012-02-29,0.089737,0.089737,0.091965,1.0
2012-03-30,-0.039621,-0.039621,-0.052964,1.0
2012-04-30,-0.085035,-0.085035,-0.068035,1.0
2012-05-31,-0.045226,-0.044426,-0.016193,0.979696
2012-06-29,-0.022103,-0.022156,0.011659,0.997659
2012-07-31,-0.047616,-0.04763,-0.015418,1.0
2012-08-31,0.025708,0.025708,0.03281,1.0
2012-09-28,0.026795,0.026795,0.02925,1.0
2012-10-31,-0.06416,-0.06416,-0.122289,1.0
2012-11-30,0.06233,0.06233,0.077827,1.0
2012-12-28,0.036571,0.036571,0.0249,1.0
2013-01-31,0.059791,0.059791,0.017757,1.0
2013-02-27,0.092231,0.092231,0.020498,1.0
2013-03-29,0.00238,0.00238,0.006684,1.0
2013-04-30,-0.006303,-0.006303,0.008608,1.0
2013-05-31,0.101126,0.101126,0.018544,1.0
2013-06-28,-0.019462,-0.019462,-0.035937,1.0
2013-07-31,-0.012617,-0.012617,0.034593,1.0
2013-08-30,-0.003462,-0.003462,0.006139,1.0
2013-09-30,0.040167,0.040167,0.019878,1.0
2013-10-31,0.075874,0.075874,0.023889,1.0
2013-11-29,0.024549,0.024549,-0.007389,1.0
2013-12-31,0.055791,0.055791,0.040418,1.0
2014-01-27,-0.064923,-0.064923,-0.043832,1.0
2014-02-27,0.159582,0.159582,0.076571,1.0
2014-03-31,0.036191,0.036191,0.028371,1.0
2014-04-30,-0.060385,-0.060385,-0.03345,1.0
2014-05-30,0.150007,0.150007,0.061334,1.0
2014-06-30,0.08569,0.08569,0.032353,1.0
2014-07-31,-0.111143,-0.111143,-0.044505,1.0
2014-08-29,0.021099,0.021099,0.02944,1.0
2014-09-30,-0.060933,-0.060933,-0.047228,1.0
2014-10-31,-0.093246,-0.093246,-0.048855,1.0
2014-11-28,0.022951,0.021466,-0.007744,0.948427
2014-12-31,0.097647,0.09263,0.069696,0.948624
2015-01-30,0.037452,0.034391,0.004153,0.922362
2015-02-26,0.013161,0.012389,0.024071,0.95651
2015-03-31,0.106996,0.106742,0.001556,1.0
2015-04-30,0.088204,0.088204,0.006895,1.0
2015-05-29,0.072588,0.072588,-0.001578,1.0
2015-06-30,0.037346,0.037346,-0.029557,1.0
2015-07-31,-0.216684,-0.216684,-0.113026,1.0
2015-08-31,-0.066459,-0.062036,-0.062792,0.92703
2015-09-30,0.050371,0.045343,0.070035,0.902988
2015-10-30,-0.002401,-0.002278,0.057326,0.916363
2015-11-30,0.090014,0.087511,0.005185,0.976074
2015-12-31,-0.05843,-0.055746,-0.011753,0.951632
2016-01-30,0.040703,0.038759,-0.017203,0.952328
2016-02-26,0.063378,0.060295,0.027112,0.951435
2016-03-31,0.001531,0.001369,0.006752,0.939487
2016-04-29,-0.069125,-0.068494,-0.05283,0.98686
2016-05-31,0.036356,0.036279,0.027919,1.0
2016-06-30,0.005484,0.005484,0.012115,1.0
2016-07-29,0.039549,0.039549,0.049166,1.0
2016-08-31,0.0767,0.0767,0.01826,1.0
2016-09-30,-0.00425,-0.00425,0.008294,1.0
2016-10-31,-0.025032,-0.025032,-0.032003,1.0
2016-11-30,0.021021,0.021021,-0.019942,1.0
2016-12-30,-0.038584,-0.038584,0.00081,1.0
2017-01-24,0.072612,0.072612,0.034661,1.0
2017-02-24,0.114166,0.114166,0.055264,1.0
2017-03-31,0.066922,0.066922,0.006221,1.0
2017-04-28,0.013942,0.013942,-0.009841,1.0
2017-05-31,-0.038662,-0.038662,-0.002083,1.0
2017-06-30,0.012024,0.012024,0.025828,1.0
2017-07-31,0.166218,0.166218,0.047578,1.0
2017-08-31,0.17377,0.17377,0.055876,1.0
2017-09-30,-0.02009,-0.02009,-0.007074,1.0
2017-10-31,0.122186,0.122186,0.04569,1.0
2017-11-30,-0.010531,-0.010531,0.010456,1.0
2017-12-29,-0.078734,-0.078734,-0.015442,1.0
2018-01-31,0.071226,0.071226,0.041038,1.0
2018-02-27,-0.013603,-0.013603,-0.044645,1.0
2018-03-31,0.110931,0.110931,0.04059,1.0
2018-04-30,-0.035107,-0.035107,-0.047516,1.0
2018-05-31,0.148169,0.148169,0.072969,1.0
2018-06-29,0.073847,0.07242,0.013264,0.982089
2018-07-31,-0.101314,-0.100543,-0.002542,0.991823
2018-08-31,-0.098013,-0.093021,-0.036054,0.946351
2018-09-28,-0.103802,-0.102276,-0.07043,0.983227
2018-10-31,-0.185055,-0.170611,-0.165455,0.919944
2018-11-30,0.075368,0.063923,0.139251,0.853325
2018-12-28,-0.020464,-0.017037,-0.045645,0.824255
2019-01-30,0.097574,0.081946,0.060772,0.840835
2019-02-27,0.052689,0.043334,0.050907,0.82429
2019-03-29,0.030088,0.024466,0.032844,0.814969
2019-04-30,0.00133,0.000897,0.004238,0.856466
2019-05-31,-0.082056,-0.070595,-0.07681,0.86007
2019-06-28,0.087377,0.082762,0.077214,0.953433
2019-07-31,0.019993,0.018696,0.028749,0.939298
2019-08-30,0.063501,0.061508,0.018779,0.971588
2019-09-27,0.015572,0.015376,0.012619,0.996913
2019-10-31,0.07878,0.078762,0.047091,1.0
2019-11-29,0.020425,0.020425,0.005714,1.0
2019-12-31,0.004906,0.004906,0.044191,1.0
2020-01-31,-0.086624,-0.086624,-0.100848,1.0
2020-02-27,-0.025739,-0.025739,-0.007603,1.0
2020-03-31,-0.149273,-0.149273,-0.144224,1.0
2020-04-30,0.259984,0.259984,0.17762,1.0
2020-05-29,0.318423,0.262839,0.092315,0.828587
2020-06-30,0.150205,0.098625,0.070594,0.663053
2020-07-31,-0.044888,-0.029213,0.04291,0.648961
2020-08-31,0.235632,0.149619,0.03309,0.635306
2020-09-30,0.006023,0.003302,-0.028665,0.591175
2020-10-30,0.014677,0.008651,0.019275,0.589897
2020-11-30,0.011229,0.006585,0.10135,0.587584
2020-12-31,0.043995,0.025803,0.047485,0.586627
2021-01-29,-0.105085,-0.062021,-0.045702,0.590009
2021-02-26,0.283281,0.1651,0.118704,0.582958
2021-03-31,0.242519,0.132,0.080762,0.545196
2021-04-29,0.078258,0.046145,0.074192,0.593242
2021-05-31,0.022806,0.014021,-0.072094,0.622229
2021-06-30,0.393383,0.277054,0.114314,0.705524
2021-07-30,-0.136576,-0.07849,0.002083,0.568843
2021-08-31,-0.042068,-0.02268,-0.031265,0.534332
2021-09-30,-0.10613,-0.057742,-0.04949,0.543556
2021-10-29,0.017148,0.008789,0.042429,0.520432
2021-11-30,-0.012313,-0.006411,0.03094,0.520612
2021-12-30,0.124661,0.064597,0.064911,0.518287
2022-01-26,-0.197585,-0.101776,-0.09807,0.515001
2022-02-25,0.032615,0.015661,0.018177,0.485467
2022-03-31,0.084397,0.044483,0.007243,0.530166
2022-04-29,-0.076879,-0.044354,-0.076026,0.57363
2022-05-31,-0.010017,-0.005725,0.010831,0.568588
2022-06-30,-0.119645,-0.068022,-0.118021,0.568525
2022-07-29,0.074905,0.066391,0.035857,0.913263
2022-08-31,0.164452,0.151057,0.043318,0.918742
2022-09-30,-0.198983,-0.160788,-0.137881,0.804692
2022-10-31,-0.064375,-0.047454,-0.040506,0.730404
2022-11-30,0.209389,0.15208,0.176531,0.726414
2022-12-30,-0.091126,-0.058575,-0.061652,0.63705
2023-01-31,0.064484,0.042063,0.076921,0.653815
2023-02-24,0.100259,0.071446,0.047024,0.716254
2023-03-31,0.017736,0.012307,0.043944,0.699436
2023-04-28,0.020116,0.014241,0.007521,0.711473
2023-05-31,0.036322,0.026353,0.038964,0.728254
2023-06-30,0.09859,0.071854,0.062106,0.728843
2023-07-31,-0.022475,-0.01756,0.030356,0.770476
2023-08-31,-0.048952,-0.037584,-0.038192,0.767413
2023-09-28,-0.009018,-0.007661,0.007801,0.817202
2023-10-31,-0.088694,-0.089763,-0.041958,1.0
2023-11-30,0.166062,0.166062,0.113735,1.0
2023-12-29,-0.03174,-0.03174,0.012663,1.0
2024-01-31,0.136672,0.136672,0.001289,1.0
2024-02-29,0.059893,0.059893,0.074323,1.0
2024-03-29,-0.055136,-0.055136,0.005578,1.0
2024-04-30,-0.059393,-0.059393,0.001578,1.0
2024-05-31,0.077069,0.077069,0.055244,1.0
2024-06-28,0.042744,0.042744,0.036049,1.0
2024-07-31,0.075149,0.075149,-0.020057,1.0
2024-08-30,0.0715,0.0715,0.01831,1.0
2024-09-30,-0.176608,-0.176608,-0.02416,1.0
2024-10-30,-0.050865,-0.044648,-0.047734,0.861888
2024-11-29,-0.004822,-0.00445,0.00481,0.889423
2024-12-31,0.045563,0.044916,-0.002956,1.0
2025-01-22,-0.079867,-0.079867,-0.044923,1.0
2025-02-27,-0.01904,-0.01904,0.059468,1.0
2025-03-31,-0.19584,-0.19584,-0.104651,1.0
2025-04-30,0.046842,0.042807,-0.036022,0.923424
2025-05-29,-0.133155,-0.121419,0.021201,0.911331
2025-06-30,0.064117,0.057732,0.037506,0.901335
2025-07-31,-0.097955,-0.08686,0.01782,0.885798
2025-08-29,0.219714,0.203136,0.12887,0.925606
2025-09-30,-0.007454,-0.006602,-0.004005,0.739843
2025-10-31,-0.007249,-0.006189,0.021119,0.802924
2025-11-28,-0.013381,-0.010814,-0.009639,0.806545
2025-12-31,0.205216,0.165574,0.048456,0.806837
2026-01-30,0.181576,0.126088,0.069503,0.697919
2026-02-26,0.064616,0.042222,0.06511,0.657125
2026-03-31,0.082928,0.054516,0.005135,0.657407
2026-04-30,0.362974,0.280228,0.191114,0.773911
2026-05-29,0.125147,0.074436,0.167365,0.602788
2026-06-30,-0.045187,-0.031052,0.014791,0.677506
2026-07-31,-0.385179,-0.248714,-0.181166,0.645222
2026-08-31,0.330399,0.152626,0.18285,0.465133
2026-09-30,0.057906,0.025312,0.036367,0.439689
